<linker>
	<assembly fullname="UnityEngine">
		<type fullname="UnityEngine.Object" preserve="nothing"/>
		<type fullname="UnityEditor.MonoScript" preserve="nothing"/>
		<type fullname="UnityEngine.Material" preserve="nothing"/>
		<type fullname="UnityEditor.VFXManager" preserve="nothing"/>
		<type fullname="UnityEngine.Shader" preserve="nothing"/>
		<type fullname="UnityEditor.AudioManager" preserve="nothing"/>
		<type fullname="UnityEditor.PlayerSettings" preserve="nothing"/>
		<type fullname="UnityEngine.TextAsset" preserve="nothing"/>
		<type fullname="UnityEditor.PhysicsManager" preserve="nothing"/>
		<type fullname="UnityEditor.TimeManager" preserve="nothing"/>
		<type fullname="UnityEditor.InputManager" preserve="nothing"/>
		<type fullname="UnityEditor.TagManager" preserve="nothing"/>
		<type fullname="UnityEditor.MonoManager" preserve="nothing"/>
		<type fullname="UnityEngine.Rendering.GraphicsSettings" preserve="nothing"/>
		<type fullname="UnityEngine.QualitySettings" preserve="nothing"/>
		<type fullname="UnityEditor.Physics2DSettings" preserve="nothing"/>
		<type fullname="UnityEngine.Transform" preserve="nothing"/>
		<type fullname="UnityEngine.Camera" preserve="nothing"/>
		<type fullname="UnityEngine.Renderer" preserve="nothing"/>
		<type fullname="UnityEngine.SpriteRenderer" preserve="nothing"/>
		<type fullname="UnityEngine.AudioBehaviour" preserve="nothing"/>
		<type fullname="UnityEngine.AudioListener" preserve="nothing"/>
		<type fullname="UnityEngine.Texture" preserve="nothing"/>
		<type fullname="UnityEngine.Grid" preserve="nothing"/>
		<type fullname="UnityEngine.GridLayout" preserve="nothing"/>
		<type fullname="UnityEngine.Rigidbody2D" preserve="nothing"/>
		<type fullname="UnityEngine.Collider2D" preserve="nothing"/>
		<type fullname="UnityEngine.CompositeCollider2D" preserve="nothing"/>
		<type fullname="UnityEngine.Tilemaps.Tilemap" preserve="nothing"/>
		<type fullname="UnityEngine.Tilemaps.TilemapRenderer" preserve="nothing"/>
		<type fullname="UnityEngine.Tilemaps.TilemapCollider2D" preserve="nothing"/>
		<type fullname="UnityEngine.Canvas" preserve="nothing"/>
		<type fullname="UnityEngine.RectTransform" preserve="nothing"/>
		<type fullname="UnityEngine.RuntimeAnimatorController" preserve="nothing"/>
		<type fullname="UnityEngine.Behaviour" preserve="nothing"/>
		<type fullname="UnityEngine.Animator" preserve="nothing"/>
		<type fullname="UnityEngine.Component" preserve="nothing"/>
		<type fullname="UnityEngine.MonoBehaviour" preserve="nothing"/>
		<type fullname="UnityEditor.Animations.AnimatorController" preserve="nothing"/>
		<type fullname="UnityEngine.GameObject" preserve="nothing"/>
		<type fullname="UnityEngine.LightmapSettings" preserve="nothing"/>
		<type fullname="UnityEngine.Font" preserve="nothing"/>
		<type fullname="UnityEngine.Texture2D" preserve="nothing"/>
		<type fullname="UnityEngine.Sprite" preserve="nothing"/>
		<type fullname="UnityEngine.CanvasRenderer" preserve="nothing"/>
		<type fullname="UnityEngine.RenderSettings" preserve="nothing"/>
		<type fullname="UnityEngine.AnimationClip" preserve="nothing"/>
		<type fullname="UnityEngine.AudioSource" preserve="nothing"/>
		<type fullname="UnityEngine.ParticleSystem" preserve="nothing"/>
		<type fullname="UnityEngine.ParticleSystemRenderer" preserve="nothing"/>
		<type fullname="UnityEngine.BoxCollider2D" preserve="nothing"/>
		<type fullname="UnityEngine.Motion" preserve="nothing"/>
		<type fullname="UnityEngine.AudioClip" preserve="nothing"/>
	</assembly>
	<assembly fullname="Assembly-CSharp">
		<type fullname="BackToBase" preserve="nothing"/>
		<type fullname="BackgroundHandler" preserve="nothing"/>
		<type fullname="BasicColliderBegin" preserve="nothing"/>
		<type fullname="Chapter1Intro" preserve="nothing"/>
		<type fullname="CloudTree" preserve="nothing"/>
		<type fullname="Conjunctor" preserve="nothing"/>
		<type fullname="Continue" preserve="nothing"/>
		<type fullname="ContinueGame" preserve="nothing"/>
		<type fullname="DestroyParticleOnEnd" preserve="nothing"/>
		<type fullname="DialogueLoader" preserve="nothing"/>
		<type fullname="DisplayFile" preserve="nothing"/>
		<type fullname="End" preserve="nothing"/>
		<type fullname="EnergyBurstVisual" preserve="nothing"/>
		<type fullname="FadeEffect" preserve="nothing"/>
		<type fullname="FileSelect" preserve="nothing"/>
		<type fullname="GoNextChapter" preserve="nothing"/>
		<type fullname="HandleAnimation" preserve="nothing"/>
		<type fullname="HandleSpeedrunTimer" preserve="nothing"/>
		<type fullname="KyleSystem.Characters.CharacterAnimator" preserve="nothing"/>
		<type fullname="KyleSystem.Characters.CharacterListLoader" preserve="nothing"/>
		<type fullname="KyleSystem.DialogueSystem.DialogueBox" preserve="nothing"/>
		<type fullname="KyleSystem.DialogueSystem.DialogueListener" preserve="nothing"/>
		<type fullname="KyleSystem.DialogueSystem.DialogueSounds" preserve="nothing"/>
		<type fullname="KyleSystem.DialogueSystem.DialogueText" preserve="nothing"/>
		<type fullname="LeafPiece" preserve="nothing"/>
		<type fullname="MainMenu" preserve="nothing"/>
		<type fullname="MarbleCollectable" preserve="nothing"/>
		<type fullname="NewGame" preserve="nothing"/>
		<type fullname="NoiseColor" preserve="nothing"/>
		<type fullname="Options" preserve="nothing"/>
		<type fullname="ParticleHandler" preserve="nothing"/>
		<type fullname="PauseMenu" preserve="nothing"/>
		<type fullname="PlayerControl" preserve="nothing"/>
		<type fullname="PlayerSound" preserve="nothing"/>
		<type fullname="Quit" preserve="nothing"/>
		<type fullname="Retry" preserve="nothing"/>
		<type fullname="ReturnByDeath" preserve="nothing"/>
		<type fullname="RoomSystem" preserve="nothing"/>
		<type fullname="Scrunge" preserve="nothing"/>
		<type fullname="SfxChange" preserve="nothing"/>
		<type fullname="SoundEngine" preserve="nothing"/>
		<type fullname="SpeedrunToggle" preserve="nothing"/>
		<type fullname="WakeUpDialogue" preserve="nothing"/>
		<type fullname="Wielder" preserve="nothing"/>
		<type fullname="WinScreen" preserve="nothing"/>
	</assembly>
	<assembly fullname="Cinemachine">
		<type fullname="Cinemachine.CinemachineBrain" preserve="nothing"/>
		<type fullname="Cinemachine.CinemachineConfiner" preserve="nothing"/>
		<type fullname="Cinemachine.CinemachineFramingTransposer" preserve="nothing"/>
		<type fullname="Cinemachine.CinemachinePipeline" preserve="nothing"/>
		<type fullname="Cinemachine.CinemachineVirtualCamera" preserve="nothing"/>
	</assembly>
	<assembly fullname="Unity.2D.Tilemap.Extras">
		<type fullname="UnityEngine.RuleTile" preserve="nothing"/>
	</assembly>
	<assembly fullname="Unity.TextMeshPro">
		<type fullname="TMPro.TMP_FontAsset" preserve="nothing"/>
		<type fullname="TMPro.TMP_Settings" preserve="nothing"/>
		<type fullname="TMPro.TMP_SpriteAsset" preserve="nothing"/>
		<type fullname="TMPro.TMP_StyleSheet" preserve="nothing"/>
		<type fullname="TMPro.TextMeshProUGUI" preserve="nothing"/>
	</assembly>
	<assembly fullname="UnityEngine.UI">
		<type fullname="UnityEngine.EventSystems.EventSystem" preserve="nothing"/>
		<type fullname="UnityEngine.EventSystems.StandaloneInputModule" preserve="nothing"/>
		<type fullname="UnityEngine.UI.CanvasScaler" preserve="nothing"/>
		<type fullname="UnityEngine.UI.GraphicRaycaster" preserve="nothing"/>
	</assembly>
</linker>
